"original_path","archived_file","sha256","bytes","action","reason"
"AGENTS.md","docs/archive/20260918-semantic-cleanup/snapshots/AGENTS.md.txt","a6463637bccc817b378160f6f2ad83aa58140e7098fea206593438696105e4e7","14833","snapshot_before_rewrite","仅保留现行纪律，移除自动加载的过期阶段指令"
"docs/CURRENT.md","docs/archive/20260918-semantic-cleanup/snapshots/docs/CURRENT.md.txt","30b7f98976d6fa690c08035e80805c232bb7010440fc1a06ce329cdf183092bd","9789","snapshot_before_rewrite","只保留实际进度、权限、关键验收基线及未决项"
"docs/README.md","docs/archive/20260918-semantic-cleanup/snapshots/docs/README.md.txt","475801c1f511109202ff8235a1b5710914de138d690aff0fc46c267892579650","5479","snapshot_before_rewrite","逐项说明与当前需求/实现的关联，不保留无差别历史必读入口"
"docs/reference/README.md","docs/archive/20260918-semantic-cleanup/snapshots/docs/reference/README.md.txt","c6df796a6400803291616532fb721ddab23e072af784b4992d6bd7f0bd0eb90e","4459","snapshot_before_rewrite","定位资料，不重复版本统计或把旧建议列入默认阅读"
"docs/specs/agent-evaluator-delivery-v1.md","docs/archive/20260918-semantic-cleanup/snapshots/docs/specs/agent-evaluator-delivery-v1.md.txt","1e369bac70e7cee068911afbfd7012c86d46f27971962b4c71d10434c31b72a3","21974","snapshot_before_reference_update","仅更新旧路线说明的归档引用，不改产品合同"
"docs/plans/AG1/新执行对话完整输入.md","docs/archive/20260918-semantic-cleanup/snapshots/docs/plans/AG1/新执行对话完整输入.md.txt","7e67700cc66c2eb91c19296f74a138d81daa2ed23e4eb905593cdef9e190682b","9474","snapshot_before_rewrite","接续输入引用Spec和CURRENT，不复写同一产品合同/旧进度"
"docs/specs/business-contract-v1.md","docs/archive/20260918-semantic-cleanup/documents/docs/specs/business-contract-v1.md","a6dace0860833eecb5bc19d5d3ad28b344d04f038f58ca80c58e40e9625fd440","3945","archive_after_copy","R1子集和阶段禁止项不适用AG1；保留作contracts.py/audit.py来源查证"
"docs/decisions/runtime-v3.md","docs/archive/20260918-semantic-cleanup/documents/docs/decisions/runtime-v3.md","797e56cde60ca4f6b44838e4827ce30139079dcbbcfe0c32e9bacda6939d396a","5576","archive_after_copy","R0/R1开工与旧范围已结束，仍有效纪律已进入现行AGENTS/Spec"
"docs/reference/飞书资料分析与当前实现建议.md","docs/archive/20260918-semantic-cleanup/documents/docs/reference/飞书资料分析与当前实现建议.md","0976116703cb7eac9a2ad5877bdcdb19fd4a20bb308c1d7f1a46c2ab02b6da64","20280","archive_after_copy","首次资料分析含已纠正结论和旧N1建议，现行输入事实使用更正文与索引"
