编号,发送时间,来源会话,消息ID,原文件名,仓内相对路径,字节数,SHA256,代码PY文件数,代码物理行数,计数口径,处置
A01,2026-07-25 14:56,指定群,om_x100b6971ae3df0a0b2589a0a85b4075,kth-irl-evaluator-v0.1.4-internal-preview.zip,.local/reference/originals/20260725-v0.1.4-preview/kth-irl-evaluator-v0.1.4-internal-preview.zip,511934,332ecf1a256f4c12a50160604775f1917cc13c1ee35437f4879b4871eb63a58c,66,48944,wheel内kth_irl/*.py,原件只读参考；不进入Git，不作为当前运行依赖
A02,2026-07-29 16:12,指定群,om_x100b69af11748ca0b1af46bab5b844f,ceo-decision-memo.zh-CN.md,.local/reference/support/20260729-explicitly-rejected-report/ceo-decision-memo.zh-CN.md,19367,96887a39c1cefecd038b8977da69005d811fb5380bed1089b6975f7b4f7aa610,,,非代码规模统计,原件只读参考；不进入Git，不作为当前运行依赖
A03,2026-07-29 18:59,指定群,om_x100b69a981a038bcb2cb321a7e327a9,README.zh-CN.md,.local/reference/support/20260729-operation/README.zh-CN.md,2184,6860e6e80e4d47e74ccdfe7048edf0d1333f3729f54bb1968d16342b32fecf5f,,,非代码规模统计,原件只读参考；不进入Git，不作为当前运行依赖
A04,2026-07-31 14:31,指定群,om_x100b69f05c244438b499a512bddff73,kth-irl-evaluator-v0.1.5-internal-preview.zip,.local/reference/originals/20260731-v0.1.5-preview/kth-irl-evaluator-v0.1.5-internal-preview.zip,881944,4c47c5c155c359cd3be2e48054550e8d2acf0689eca2fc9566a1ec999c057f76,73,53669,wheel内kth_irl/*.py,原件只读参考；不进入Git，不作为当前运行依赖
A05,2026-08-01 12:25,指定群,om_x100b69e31d01e4acb206bddbac7f25a,KTH-IRL-v0.1.4-to-v0.1.5-diff-for-IT.zh-CN.md,.local/reference/support/20260801-version-diff/KTH-IRL-v0.1.4-to-v0.1.5-diff-for-IT.zh-CN.md,11393,17f3b4656e98c7225335c005cfb21d229092da8d763e519903f5c6faf89d14e3,,,非代码规模统计,原件只读参考；不进入Git，不作为当前运行依赖
A06,2026-08-02 10:16,指定群,om_x100b69dec912ecacb03c68628e495f2,kth-irl-v0.1.5-it-development-handoff.zh-CN.md,.local/reference/support/20260802-handoff/kth-irl-v0.1.5-it-development-handoff.zh-CN.md,3619,91401b312e462181e8f18f0db7a6b26b73b2be749dd57e2e7c9216abe6a04740,,,非代码规模统计,原件只读参考；不进入Git，不作为当前运行依赖
A07,2026-08-02 10:16,指定群,om_x100b69dec92ec0a8b202a77a3dedce1,kth-irl-three-handoff-comparison.zh-CN.md,.local/reference/support/20260802-handoff/kth-irl-three-handoff-comparison.zh-CN.md,4034,2fd9a17ef28cda658b22b6eef9b4b51d8594691070763c139d151b035eaf77ed,,,非代码规模统计,原件只读参考；不进入Git，不作为当前运行依赖
A08,2026-08-02 10:16,指定群,om_x100b69dec6c9a4a4b106c9697a0e1a1,kth-irl-evaluator-v0.1.5-it-development.zip,.local/reference/originals/20260802-v0.1.5-development/kth-irl-evaluator-v0.1.5-it-development.zip,3159216,2c4e331aaa98df6b519d391b7f112c6edf22e8be05c0f6975a26ece3fafa5b49,74,56391,源码src/kth_irl/*.py,原件只读参考；不进入Git，不作为当前运行依赖
A09,2026-08-08 15:30,指定群,om_x100b6859fddfd4a8b1fb9d7709255b3,kth-irl-v0.1.5-full-workflow-and-hitl.zh-CN等3个文件.zip,.local/reference/support/20260808-handoff/kth-irl-v0.1.5-full-workflow-and-hitl.zh-CN等3个文件.zip,35197,c56193c2659cef932088c4df9f9d12fce28a1452523d7a705edddea2d058fff3,,,非代码规模统计,原件只读参考；不进入Git，不作为当前运行依赖
A10,2026-08-08 15:30,指定群,om_x100b6859fde5d0a8b3ee3e0d16cb4ab,kth-irl-evaluator-v0.1.5-it-development.zip,.local/reference/originals/20260808-v0.1.5-development/kth-irl-evaluator-v0.1.5-it-development.zip,3427746,0a76ca076c30ff6b430fe6c226ee7ae528e2c0e803ce06e206afbe2e443718ae,80,70565,源码src/kth_irl/*.py,原件只读参考；不进入Git，不作为当前运行依赖
A11,2026-08-10 10:28,指定群,om_x100b68a73b0deca8b18057214352255,investment-analyst-report.zh-CN.md,.local/reference/support/20260810-report-reference/investment-analyst-report.zh-CN.md,2873081,1e4cb55e163210c02a1f60ff876737802bc7dd34de41d0f8828c56a956649f03,,,非代码规模统计,原件只读参考；不进入Git，不作为当前运行依赖
A12,2026-08-28 11:28,指定群,om_x100b66244b8e70a4b2a801ff1ad45ad,kth-irl-evaluator-v0.1.5-internal-preview.zip.sha256,.local/reference/originals/20260828-v0.1.5-preview/kth-irl-evaluator-v0.1.5-internal-preview.zip.sha256,112,ba3fd3fbdb5b097b0ed7335b93ecf243e31915fdbff37dace4a3b07530c40010,,,非代码规模统计,原件只读参考；不进入Git，不作为当前运行依赖
A13,2026-08-28 11:28,指定群,om_x100b66244b9014b8b26a53207e391b1,kth-irl-evaluator-v0.1.5-it-development.zip,.local/reference/originals/20260828-v0.1.5-development/kth-irl-evaluator-v0.1.5-it-development.zip,3743734,8d468c9515482bdc95c03e1d525bbd1566e300060f919273ee44fa21a57a32b5,93,86413,源码src/kth_irl/*.py,原件只读参考；不进入Git，不作为当前运行依赖
A14,2026-08-28 11:28,指定群,om_x100b66244ba5ece0b1b6e0e8b2bdb58,kth-irl-evaluator-v0.1.5-internal-preview.zip,.local/reference/originals/20260828-v0.1.5-preview/kth-irl-evaluator-v0.1.5-internal-preview.zip,1604495,1b210861599cc90e214ba999d9a5668c6b461d573ff2b478b2f3940d8e9d171e,94,86557,wheel内kth_irl/*.py,原件只读参考；不进入Git，不作为当前运行依赖
A15,2026-09-01 13:24,指定私聊,om_x100b6652592084a0b36efe7f3b221dc,KTH-IRL-v0.1.5-IT复盘与成功日志参考包-20260901.zip,.local/reference/support/20260901-success-reference/KTH-IRL-v0.1.5-IT复盘与成功日志参考包-20260901.zip,53653,7bfaf196374e42bb30969608e01f783c3f20be32599cf343612a6a6c8bca985a,,,非代码规模统计,原件只读参考；不进入Git，不作为当前运行依赖
A16,2026-07-29 19:25,指定群,om_x100b69aa7c59e0a0b39ef9423bfb3b9,KTH-IRL-v0.1.4-产品运行与调度说明.md,.local/reference/support/20260729-operation/KTH-IRL-v0.1.4-产品运行与调度说明.md,30319,483fae7d3a8be2e61ce513ef958a3099ac53f00689d35eeaba160d48f716b5ce,,,非代码规模统计,原件只读参考；不进入Git，不作为当前运行依赖
A17,2026-07-15 19:22,指定群,om_x100b6a4296dd60a4b3cc203f13386bc,舜宇世界模型一期_CEO规划汇报_v3.md,.local/reference/support/initial-context/舜宇世界模型一期_CEO规划汇报_v3.md,21365,877365ab496fbe19ef35012bde48a6d5d9aec95426f522f86d18ec47bdbace9d,,,测试材料/方法/背景；非代码统计,原件保留，角色见测试链路；未批准业务结论或外发
A18,2026-06-02 15:36,指定群,om_x100b6edcced9c4a4b16c40724ae7053,operational-efficiency-ai-report-meeting-roadmap.md,.local/reference/support/initial-context/operational-efficiency-ai-report-meeting-roadmap.md,23100,e8fd6f7413056d27e06116630d46c1a84a2ce4c0a9dbcf4737feaf1a290c08e9,,,测试材料/方法/背景；非代码统计,原件保留，角色见测试链路；未批准业务结论或外发
A19,2026-07-31 14:31,指定群,om_x100b69f05c24dca8b4c161e7654530c,KTH-Innovation-Readiness-Level_Compiled_F_print.pdf,.local/reference/support/20260731-method/KTH-Innovation-Readiness-Level_Compiled_F_print.pdf,771187,c7deea75809751c29f2e8d085ec627558b1ec4fe50840ed4ec872f776bca3c47,,,测试材料/方法/背景；非代码统计,原件保留，角色见测试链路；未批准业务结论或外发
A20,2026-07-31 14:31,指定群,om_x100b69f05c203cb4b1272b70d3b0ca4,KTH-IRL-dashboard_C(1).xlsx,.local/reference/support/20260731-method/KTH-IRL-dashboard_C(1).xlsx,49671,10eb775b00aecf4aeec7c7b94fee86247c245898f73a00dfbd492be0ccd3b648,,,测试材料/方法/背景；非代码统计,原件保留，角色见测试链路；未批准业务结论或外发
A21,2026-07-31 14:31,指定群,om_x100b69f05c2abca4b1491443291c44d,KTH-IRL-user-guide_A-1.pdf,.local/reference/support/20260731-method/KTH-IRL-user-guide_A-1.pdf,704213,4668831a5ad986c4ad46828e7edfebb920cadd9ea91166a906ecd613d774fda4,,,测试材料/方法/背景；非代码统计,原件保留，角色见测试链路；未批准业务结论或外发
A22,2026-07-29 16:34,指定群,om_x100b69afe144d8a8c21afee052694db,Monako_Glass_面向舜宇光学_技术研发计划书重写版(2).docx,.local/reference/samples/monako/alternative-input/Monako_Glass_面向舜宇光学_技术研发计划书重写版(2).docx,47639,7fda334692284c3af3eb63b2c7364edafd68b539fbc19e8f16fd72d7334515c7,,,测试材料/方法/背景；非代码统计,原件保留，角色见测试链路；未批准业务结论或外发
A23,2026-07-29 18:53,指定群,om_x100b69a9f45490a4b15a262dd917692,Monako 投资立项决策报告.pdf,.local/reference/samples/monako/colleague-output/Monako 投资立项决策报告.pdf,855736,6b1a7d6df2b6034611b640557c7e4c9c72c7a4e311f6d2114ea2d00cd40fe408,,,测试材料/方法/背景；非代码统计,原件保留，角色见测试链路；未批准业务结论或外发
A24,2026-07-29 18:53,指定群,om_x100b69a9f4f7eca0b283c80281d6fb2,Monako+BP+2026V5_update.pdf,.local/reference/samples/monako/inputs/Monako+BP+2026V5_update.pdf,1749792,cd2cc9bda7efd22456add6a4d59c9ebaf60a173e6d23505441324ff75a0ff409,,,测试材料/方法/背景；非代码统计,原件保留，角色见测试链路；未批准业务结论或外发
A25,2026-07-29 18:53,指定群,om_x100b69a9f4f798b4b2efd49a1a88024,Monako_01-05.zip,.local/reference/samples/monako/inputs/Monako_01-05.zip,20317913,501f8e982f0745236c00f5fb43fec69f0051e48210988f8d4408153a1b05479b,,,测试材料/方法/背景；非代码统计,原件保留，角色见测试链路；未批准业务结论或外发
A26,2026-07-30 01:28,指定群,om_x100b6997cb47b8a0dd2dedfbdec6a13,Monako-投资立项决策报告.pdf,.local/reference/samples/monako/user-output/Monako-投资立项决策报告.pdf,353008,6b706e9db579584e940c42f7942c63a9da728d119184015cb3bb314ef2b8fb9f,,,测试材料/方法/背景；非代码统计,原件保留，角色见测试链路；未批准业务结论或外发
A27,2026-09-01 11:26,指定私聊,om_x100b66501244dca8c28552734a471cb,KTH_IRL_本次对话完整分析包_2026-09-01.zip,.local/reference/samples/weijiu/user-analysis-package/KTH_IRL_本次对话完整分析包_2026-09-01.zip,12992612,a3eb121f6686bb2b52f9192894f83e0a248c0a4c40aa6f45a4218e71d473a53d,,,测试材料/方法/背景；非代码统计,原件保留，角色见测试链路；未批准业务结论或外发
A28,2026-09-01 11:25,指定私聊,om_x100b665014bc40a0c4ad6c866d387d9,本次对话完整运行日志-20260901-105351.zip,.local/reference/samples/weijiu/user-failure-logs/本次对话完整运行日志-20260901-105351.zip,8433605,6ffc148e2cd60281570e03da645c08128d3e7ba9e61105cdd6e887a68f2b4acd,,,测试材料/方法/背景；非代码统计,原件保留，角色见测试链路；未批准业务结论或外发
A29,2026-08-02 19:27,指定群,om_x100b69c6d4a578a0b4a177974e29689,会话产物-1785670031366.zip,.local/reference/samples/weijiu/platform-output/会话产物-1785670031366.zip,42408,9c84c94dcc4e9fcf19b58fdc44c6eddf237b8482c78ceccf82f95524c56d8b11,,,测试材料/方法/背景；非代码统计,原件保留，角色见测试链路；未批准业务结论或外发
A30,2026-08-02 09:30,指定群,om_x100b69dd950434a0b491ec524f9e5da,微玖光电BP260716.pdf,.local/reference/samples/weijiu/inputs/微玖光电BP260716.pdf,3355758,d2d8a79d6b5202e6b15f7db44c5b14db6125ee025f880e510beab6d2df4284e8,,,测试材料/方法/背景；非代码统计,原件保留，角色见测试链路；未批准业务结论或外发
A31,2026-08-10 10:24,指定群,om_x100b68a72998e4a4b1fb27da7a8c15e,微玖（苏州）光电科技有限公司 项目投资评估.docx,.local/reference/samples/weijiu/colleague-output/微玖（苏州）光电科技有限公司 项目投资评估.docx,143043,1f0cf0fe1eef0c01565c7a6740dafa12aa15f68f04cfdcbae5b9565871c379f3,,,测试材料/方法/背景；非代码统计,原件保留，角色见测试链路；未批准业务结论或外发
A32,2026-08-02 09:30,指定群,om_x100b69dd950428a8b2ef07079e78ef5,Pre-A高管及客户访谈.zip,.local/reference/samples/weijiu/inputs/Pre-A高管及客户访谈.zip,79326,12d7ab408f01ed81d484559a94b3557d216e18b7dd60fc7b63d30778d85034a7,,,测试材料/方法/背景；非代码统计,原件保留，角色见测试链路；未批准业务结论或外发
A33,2026-08-10 10:15,指定群,om_x100b68a70a685908dfa7d572ba73729,kth-irl-微玖光电-评估报告.md,.local/reference/samples/weijiu/user-output/kth-irl-微玖光电-评估报告.md,26062,9ff7b7ac46d76e3ea7a707b601844400b9636f1b46469a5d42eb1beb28a7c6c4,,,测试材料/方法/背景；非代码统计,原件保留，角色见测试链路；未批准业务结论或外发
