来源,时间,消息ID,资源,本地路径,处理结果
group-history-01,2026-06-02 15:36,om_x100b6edcced9c4a4b16c40724ae7053,operational-efficiency-ai-report-meeting-roadmap.md,.local/reference/support/initial-context/operational-efficiency-ai-report-meeting-roadmap.md,已下载并校验；原文/成员读取范围见补充报告
group-history-01,2026-07-14 18:50,om_x100b6a550b7af138b16594cdcd36078,<p>https://e0fwpv9vf0.feishu.cn/wiki/IeJhwf7vWiD5j3k6EVrcUtE6nky?from=auth_notice&hash=acdf4394b2d53d7088b2c0618af17aec</p>,,其他群内背景链接；未读取正文，不作为KTH需求依据
group-history-01,2026-07-15 19:22,om_x100b6a4296dd60a4b3cc203f13386bc,舜宇世界模型一期_CEO规划汇报_v3.md,.local/reference/support/initial-context/舜宇世界模型一期_CEO规划汇报_v3.md,已下载并校验；原文/成员读取范围见补充报告
group-history-01,2026-07-16 15:46,om_x100b6abc8b1d64b0b2687f0bdab85f7,https://e0fwpv9vf0.feishu.cn/wiki/WYXXw6fzIiiNJAkYLRJcUzAmnxf?from=from_copylink,,其他群内背景链接；未读取正文，不作为KTH需求依据
group-history-01,2026-07-17 10:06,om_x100b6aacaf5000b8b14927eaee43e0f,早期KTH路线图,.local/reference/support/20260717-original-requirements/july17-roadmap-direct.md,全文已读取；当前可见revision快照，非声称历史字节不变
group-history-01,2026-07-17 10:06,om_x100b6aacacaed8a4b2699432c3bccfc,早期KTH PRD,.local/reference/support/20260717-original-requirements/july17-doc-b.md,全文已读取；当前可见revision快照，非声称历史字节不变
group-history-01,2026-07-25 14:56,om_x100b6971ae3df0a0b2589a0a85b4075,kth-irl-evaluator-v0.1.4-internal-preview.zip,.local/reference/originals/20260725-v0.1.4-preview/kth-irl-evaluator-v0.1.4-internal-preview.zip,已下载并校验；原文/成员读取范围见补充报告
group-history-01,2026-07-29 10:45,om_x100b69a2dd0b40a8b20be004f63e216,https://e0fwpv9vf0.feishu.cn/wiki/WYXXw6fzIiiNJAkYLRJcUzAmnxf?from=from_copylink,,其他群内背景链接；未读取正文，不作为KTH需求依据
group-history-01,2026-07-29 15:33,om_x100b69ae826488b4b039b6a5f9f385d,https://kthinnovationreadinesslevel.com/,,KTH方法官网引用；已下载群内具名方法资料，不新增公网研究
group-history-01,2026-07-29 16:12,om_x100b69af11748ca0b1af46bab5b844f,ceo-decision-memo.zh-CN.md,.local/reference/support/20260729-explicitly-rejected-report/ceo-decision-memo.zh-CN.md,已下载并校验；原文/成员读取范围见补充报告
group-history-01,2026-07-29 16:23,om_x100b69afc80088bcb3c3b06ff473c00,[Invalid file JSON],,API条目已删除/无有效file key；未恢复；不推定内容
group-history-01,2026-07-29 16:33,om_x100b69afe3288cacc2369e2105d08f6,[Invalid file JSON],,API条目已删除/无有效file key；未恢复；不推定内容
group-history-01,2026-07-29 16:34,om_x100b69afe144d8a8c21afee052694db,Monako_Glass_面向舜宇光学_技术研发计划书重写版(2).docx,.local/reference/samples/monako/alternative-input/Monako_Glass_面向舜宇光学_技术研发计划书重写版(2).docx,已下载并校验；原文/成员读取范围见补充报告
group-history-01,2026-07-29 18:53,om_x100b69a9f4f798b4b2efd49a1a88024,Monako_01-05.zip,.local/reference/samples/monako/inputs/Monako_01-05.zip,已下载并校验；原文/成员读取范围见补充报告
group-history-01,2026-07-29 18:53,om_x100b69a9f4f7eca0b283c80281d6fb2,Monako+BP+2026V5_update.pdf,.local/reference/samples/monako/inputs/Monako+BP+2026V5_update.pdf,已下载并校验；原文/成员读取范围见补充报告
group-history-01,2026-07-29 18:53,om_x100b69a9f45490a4b15a262dd917692,Monako 投资立项决策报告.pdf,.local/reference/samples/monako/colleague-output/Monako 投资立项决策报告.pdf,已下载并校验；原文/成员读取范围见补充报告
group-history-01,2026-07-29 18:59,om_x100b69a981a038bcb2cb321a7e327a9,README.zh-CN.md,.local/reference/support/20260729-operation/README.zh-CN.md,已下载并校验；原文/成员读取范围见补充报告
group-history-01,2026-07-29 19:25,om_x100b69aa7c59e0a0b39ef9423bfb3b9,KTH-IRL-v0.1.4-产品运行与调度说明.md,.local/reference/support/20260729-operation/KTH-IRL-v0.1.4-产品运行与调度说明.md,已下载并校验；原文/成员读取范围见补充报告
group-history-01,2026-07-30 01:28,om_x100b6997cb47b8a0dd2dedfbdec6a13,Monako-投资立项决策报告.pdf,.local/reference/samples/monako/user-output/Monako-投资立项决策报告.pdf,已下载并校验；原文/成员读取范围见补充报告
group-history-01,2026-07-30 08:52,om_x100b699e4dd82ca0b213891a2d63705,baseline-registry.json,,两次下载均传输失败；未补造原件
group-history-01,2026-07-30 13:21,om_x100b6999bb03f0acb4840d58c939d9b,https://e0fwpv9vf0.feishu.cn/wiki/WYXXw6fzIiiNJAkYLRJcUzAmnxf?from=from_copylink,,其他群内背景链接；未读取正文，不作为KTH需求依据
group-history-01,2026-07-31 14:31,om_x100b69f05c2abca4b1491443291c44d,KTH-IRL-user-guide_A-1.pdf,.local/reference/support/20260731-method/KTH-IRL-user-guide_A-1.pdf,已下载并校验；原文/成员读取范围见补充报告
group-history-01,2026-07-31 14:31,om_x100b69f05c24dca8b4c161e7654530c,KTH-Innovation-Readiness-Level_Compiled_F_print.pdf,.local/reference/support/20260731-method/KTH-Innovation-Readiness-Level_Compiled_F_print.pdf,已下载并校验；原文/成员读取范围见补充报告
group-history-01,2026-07-31 14:31,om_x100b69f05c244438b499a512bddff73,kth-irl-evaluator-v0.1.5-internal-preview.zip,.local/reference/originals/20260731-v0.1.5-preview/kth-irl-evaluator-v0.1.5-internal-preview.zip,已下载并校验；原文/成员读取范围见补充报告
group-history-01,2026-07-31 14:31,om_x100b69f05c203cb4b1272b70d3b0ca4,KTH-IRL-dashboard_C(1).xlsx,.local/reference/support/20260731-method/KTH-IRL-dashboard_C(1).xlsx,已下载并校验；原文/成员读取范围见补充报告
group-history-01,2026-08-01 12:25,om_x100b69e31d01e4acb206bddbac7f25a,KTH-IRL-v0.1.4-to-v0.1.5-diff-for-IT.zh-CN.md,.local/reference/support/20260801-version-diff/KTH-IRL-v0.1.4-to-v0.1.5-diff-for-IT.zh-CN.md,已下载并校验；原文/成员读取范围见补充报告
group-history-01,2026-08-02 09:30,om_x100b69dd950428a8b2ef07079e78ef5,Pre-A高管及客户访谈.zip,.local/reference/samples/weijiu/inputs/Pre-A高管及客户访谈.zip,已下载并校验；原文/成员读取范围见补充报告
group-history-01,2026-08-02 09:30,om_x100b69dd950434a0b491ec524f9e5da,微玖光电BP260716.pdf,.local/reference/samples/weijiu/inputs/微玖光电BP260716.pdf,已下载并校验；原文/成员读取范围见补充报告
group-history-01,2026-08-02 10:16,om_x100b69dec912ecacb03c68628e495f2,kth-irl-v0.1.5-it-development-handoff.zh-CN.md,.local/reference/support/20260802-handoff/kth-irl-v0.1.5-it-development-handoff.zh-CN.md,已下载并校验；原文/成员读取范围见补充报告
group-history-01,2026-08-02 10:16,om_x100b69dec92ec0a8b202a77a3dedce1,kth-irl-three-handoff-comparison.zh-CN.md,.local/reference/support/20260802-handoff/kth-irl-three-handoff-comparison.zh-CN.md,已下载并校验；原文/成员读取范围见补充报告
group-history-01,2026-08-02 10:16,om_x100b69dec6c9a4a4b106c9697a0e1a1,kth-irl-evaluator-v0.1.5-it-development.zip,.local/reference/originals/20260802-v0.1.5-development/kth-irl-evaluator-v0.1.5-it-development.zip,已下载并校验；原文/成员读取范围见补充报告
group-history-01,2026-08-02 19:27,om_x100b69c6d4a578a0b4a177974e29689,会话产物-1785670031366.zip,.local/reference/samples/weijiu/platform-output/会话产物-1785670031366.zip,已下载并校验；原文/成员读取范围见补充报告
group-history-01,2026-08-02 22:03,om_x100b69c0ad54fca4b3993a21b7a9a6e,https://e0fwpv9vf0.feishu.cn/file/CCgpbgfMYolS5wxBhi3cjiaJnhh,,已核元数据为微玖中间输出；无导出权限，未下载，未申请权限
group-history-01,2026-08-03 18:46,om_x100b6833586fe4b4b1cf61500e2ccd8,数字化与AI双轮驱动-决策汇报 (1).docx,,其他数字化/AI决策汇报，不属于KTH案例；不下载
group-history-01,2026-08-08 15:30,om_x100b6859fddfd4a8b1fb9d7709255b3,kth-irl-v0.1.5-full-workflow-and-hitl.zh-CN等3个文件.zip,.local/reference/support/20260808-handoff/kth-irl-v0.1.5-full-workflow-and-hitl.zh-CN等3个文件.zip,已下载并校验；原文/成员读取范围见补充报告
group-history-01,2026-08-08 15:30,om_x100b6859fde5d0a8b3ee3e0d16cb4ab,kth-irl-evaluator-v0.1.5-it-development.zip,.local/reference/originals/20260808-v0.1.5-development/kth-irl-evaluator-v0.1.5-it-development.zip,已下载并校验；原文/成员读取范围见补充报告
group-history-01,2026-08-10 10:15,om_x100b68a70a685908dfa7d572ba73729,kth-irl-微玖光电-评估报告.md,.local/reference/samples/weijiu/user-output/kth-irl-微玖光电-评估报告.md,已下载并校验；原文/成员读取范围见补充报告
group-history-01,2026-08-10 10:24,om_x100b68a72998e4a4b1fb27da7a8c15e,微玖（苏州）光电科技有限公司 项目投资评估.docx,.local/reference/samples/weijiu/colleague-output/微玖（苏州）光电科技有限公司 项目投资评估.docx,已下载并校验；原文/成员读取范围见补充报告
group-history-01,2026-08-10 10:28,om_x100b68a73b0deca8b18057214352255,investment-analyst-report.zh-CN.md,.local/reference/support/20260810-report-reference/investment-analyst-report.zh-CN.md,已下载并校验；原文/成员读取范围见补充报告
group-history-01,2026-08-12 09:24,om_x100b6888fd1cacb0b215cbb6f111b69,舜宇集团2026年半年度工作会议参会人员名单-20260811.xlsx,,参会人员名单，非KTH需求或测试样本；不下载
group-history-01,2026-08-12 10:58,om_x100b688a5ac528a8b4c80ae2f9f7302,参会人员使用情况_20260812.xlsx,,参会人员使用统计，非KTH需求或测试样本；不下载
group-history-01,2026-08-28 11:28,om_x100b66244b8e70a4b2a801ff1ad45ad,kth-irl-evaluator-v0.1.5-internal-preview.zip.sha256,.local/reference/originals/20260828-v0.1.5-preview/kth-irl-evaluator-v0.1.5-internal-preview.zip.sha256,已下载并校验；原文/成员读取范围见补充报告
group-history-01,2026-08-28 11:28,om_x100b66244b9014b8b26a53207e391b1,kth-irl-evaluator-v0.1.5-it-development.zip,.local/reference/originals/20260828-v0.1.5-development/kth-irl-evaluator-v0.1.5-it-development.zip,已下载并校验；原文/成员读取范围见补充报告
group-history-01,2026-08-28 11:28,om_x100b66244ba5ece0b1b6e0e8b2bdb58,kth-irl-evaluator-v0.1.5-internal-preview.zip,.local/reference/originals/20260828-v0.1.5-preview/kth-irl-evaluator-v0.1.5-internal-preview.zip,已下载并校验；原文/成员读取范围见补充报告
p2p-history-01,2026-09-01 11:25,om_x100b665014bc40a0c4ad6c866d387d9,本次对话完整运行日志-20260901-105351.zip,.local/reference/samples/weijiu/user-failure-logs/本次对话完整运行日志-20260901-105351.zip,已下载并校验；原文/成员读取范围见补充报告
p2p-history-01,2026-09-01 11:26,om_x100b66501244dca8c28552734a471cb,KTH_IRL_本次对话完整分析包_2026-09-01.zip,.local/reference/samples/weijiu/user-analysis-package/KTH_IRL_本次对话完整分析包_2026-09-01.zip,已下载并校验；原文/成员读取范围见补充报告
p2p-history-01,2026-09-01 13:24,om_x100b6652592084a0b36efe7f3b221dc,KTH-IRL-v0.1.5-IT复盘与成功日志参考包-20260901.zip,.local/reference/support/20260901-success-reference/KTH-IRL-v0.1.5-IT复盘与成功日志参考包-20260901.zip,已下载并校验；原文/成员读取范围见补充报告
