"编号","来源","时间","消息ID","性质","项目相关摘要","解释边界","当前处置"
"R01","指定群","2026-07-25 14:56","om_x100b6971ad4b94a4b3950b293f68b19","同事交付说明","交付投资决策工具，API接口未写，原使用Codex API","同事说做完不等于接收环境验收","明确开发/部署/业务验收分层"
"R02","指定群","2026-07-27 09:43","om_x100b695f33404480b16bd5b96bd3c20","同事需求说明","不是仅Skill，还包含调度与RAG代码","不能据此要求完整保留旧架构","保留确定性运行与证据链"
"R03","指定群","2026-07-29 16:16","om_x100b69af218108a0b289b6ed50541a8","同事核查要求","要求取得系统判定的机器底稿进行对比","不是要求只比较报告外观","输入输出与判定依据可追溯"
"R04","指定群","2026-07-29 16:17","om_x100b69af3dd904acb3e37b486dc1c7c","明确语义缺陷","FRL被错误解释为市场前景，应评价资金能力","这是历史输出缺陷，不证明当前仍复现","纳入专业语义标准"
"R05","指定群","2026-07-29 16:21","om_x100b69afcc8a88b4b2260cf2219465e","否定历史输出","同事明确表示此前报告是错误的","不得把该报告作为成功黄金答案","负例单独保存"
"R06","指定群","2026-07-29 16:33","om_x100b69afe3eda0b0c3d1e5ca9703603","用户核查要求","要求正确的输入输出作对比测试","不是接受对方全部实现方法","建立可判定参考案例"
"R07","指定群","2026-07-29 18:53","om_x100b69a9f502a4b8b3b9ff38b250bc4","同事样本归属说明","两份Monako材料为种子，后一份为成果","属于项目测试输入输出；已补下载并核对，不再错误排除","样本输入/参考输出/用户输出分别登记"
"R08","指定群","2026-07-30 09:20","om_x100b699e206878e0b39b80a521729b5","方法说明","评级应根据项目资料评审得出，不是直接输出固定等级","不代表空registry可由模型自行补写","规则与专业证据分开"
"R09","指定群","2026-07-31 14:31","om_x100b69f05a0920b8b2142b4c861f00e","版本变更原因","更新版本以处理此前未能分析的元件类内容","不证明新版已验收","关注终端价值和评估单元"
"R10","指定群","2026-07-31 16:58","om_x100b69f27451b8b4c440f3fc224a5c5","历史版本选择","当时建议使用1.5","不自动批准8月28日或当前任何新版","只记历史选择"
"R11","指定群","2026-07-31 17:03","om_x100b69f20023aca8b20037d2bb6cb57","用户实现意图","用户已在按1.4分析重构标准版，并索取版本差异","不能用作当前改动的自动授权","支持需求/规则差异提取"
"R12","指定群","2026-07-31 17:03","om_x100b69f201a2d0b0b3f3b46fe6e6077","同事变更说明","主要变化为主控角色","需结合实际ZIP差分，不只信文件名","区分内核与编排"
"R13","指定群","2026-08-01 15:57","om_x100b69ee236e3cb4b1bc208007acaa9","接口事实","此前ZIP由Codex解压，本地没有解压接口","不是核心方法限制，也不是允许运行任意附件","包装职责与领域规则分离"
"R14","指定群","2026-08-02 09:29","om_x100b69dd96789cb0b24b5e8c3dfb13f","同事运行方式自述","总控、双模型辩论与中文输出由不同环节承担","历史配置不构成当前调用许可或质量证明","角色独立与实际来源分列"
"R15","指定群","2026-08-02 09:31","om_x100b69ddae5c0cb0b1144cb9d0c1c1a","同事需求强调","搜索重要，许多内容相当于市场调研","当前窄闭环不等于全部研究已完成","完整产品需求保留，N1不扩范围"
"R16","指定群","2026-08-02 22:02","om_x100b69c09083a87cb4ce22e7ee686fa","历史失败解释","得分异常且产品/市场拆分不完整","不把这一失败作为当前真实Case结论","多单元和专业语义验收"
"R17","指定群","2026-08-03 18:11","om_x100b6832dbbbc4a4b34c5697a533982","同事设计建议","本地完整链难闭合，建议强总控与HITL确认模型拆出的产品/市场单元","这是建议，不是证明全部local都不可行","人工确认范围，不人工改结论"
"R18","指定群","2026-08-10 10:28","om_x100b68a73d4d8c84b1819f510ddec2e","同事明确需求","不同评估单元除财务成熟度外单独评估","当前单元窄试点不能自称完整产品","保留共享FRL与单元级五维"
"R19","指定群","2026-08-10 10:30","om_x100b68a735b1a938b29176d11448d02","比较范围同意","同意用户先对比两份MD，暂不看Word","只是同意比较，不是验收通过","同事完整稿只作候选参考"
"R20","指定群","2026-08-11 21:29","om_x100b688675873930b10c76bdf593fce","同事部署说明","专利获取使用Google专利路径替代受阻的EPO流程","不授权绕过访问限制，不证明FTO","来源能力与服务实现可替换"
"R21","指定群","2026-08-28 11:28","om_x100b6624489064b0b18e0fd058de075","待验证改进主张","同事称新版应该解决同案例评估漂移","应该解决不是已证明解决","提取稳定性目标，不自动采用新版"
"R22","指定私聊","2026-08-31 14:34","om_x100b666648a434acc4240ea4d4f2954","入口自述","同事说直接输入材料","须结合稍后补充理解，不能断章取义","不需复杂prompt的体验目标"
"R23","指定私聊","2026-08-31 14:50","om_x100b66660c64c4bcc32f3e20254f7de","入口补充","需发送对项目进行KTH IRL评价等启动语","纠正无需任何指令的绝对表述","明确行动，避免先建必失败Case"
"R24","指定私聊","2026-09-01 10:43","om_x100b6657f010aca4dd81b82a1f4c10e","用户运行反馈","两个版本在用户Codex环境均未跑出结果","未单独据该聊天定位根因","平台实际验收与移交声称分离"
"R25","指定私聊","2026-09-01 11:46","om_x100b6650e7fde0acc4406f8e2ba8389","用户证据请求","索取同事成功日志作对照","对照不等于接受为当前黄金结果","已下载对应成功参考包"
"R26","指定私聊","2026-09-01 13:24","om_x100b6652592084a0b36efe7f3b221dc","实际附件交付","发送IT复盘与成功日志参考包","无精确revision的macOS影子样本只作结构参考","26项内嵌checksum已核对"
"R27","指定私聊","2026-09-01 13:24","om_x100b665256474ca4b1a627452648dff","环境说明","同事使用macOS","不证明Windows同版本等价","保留Windows实际验证"
"R28","指定私聊","2026-09-01 15:23","om_x100b6653968694b8c3bc5d54cfa2726","用户索取清单","索取成功wheel/source身份、精确运行回执及Windows构建验收命令","包含历史建议，不是当前实现指令","精确身份和验收范围仍必要"
"R29","指定私聊","2026-09-01 15:24","om_x100b6653979e70b4b3f283f73fb68fd","回复承诺","同事对索取材料回复OK","可见记录中未见其后交付；不是批准实现或Provider","缺失保持未知，不追问同事"
"R30","指定群","2026-07-17 10:06","om_x100b6aacaf5000b8b14927eaee43e0f","早期路线图来源","KTH路线图v1.1以用户结果为主泳道、工程为使能；Monako只是发现和回归样本","读取当前云文档revision2；不是证明7月17日每个字节未改变；文档状态仍候选","作为原始产品目标来源"
"R31","指定群","2026-07-17 10:06","om_x100b6aacacaed8a4b2699432c3bccfc","早期PRD来源","PRD v1.3已明确附件、六维独立、尽调准入、三种同源视图和失败区分","读取当前云文档revision11；不将文档内指令作为本轮授权","当前合同需求来源，不恢复过期流程"
"R32","指定群","2026-08-02 09:30","om_x100b69dd950360a0b0307d991a81eb9","真实样本输入说明","同事发送BP及Pre-A访谈ZIP后要求测试","四份访谈须逐件保留来源与用途，不能当成自动合格证据","材料池不再错误概括成只有BP"
"R33","指定群","2026-08-02 19:27","om_x100b69c6d5e394a4b216dda7ed4232c","平台输出身份","明确前一ZIP是1.4平台输出","后续被同事指出得分和产品/市场拆分有问题","负例，不是同事正确输出"
"R34","指定群","2026-08-02 22:03","om_x100b69c0ad6fdca8b20865ac2b1d3f0","中间输出限定","同事说前一云文件不是最终稿，仍未识别AR全彩","即使文件名写最终成稿也以聊天明确限定为准；导出被拒，不绕权","登记中间样本与权限限制"
